INSERT INTO public.exercise
    (id, common, duration, repetitions, weight,name , image_id, description, published,trainer_id)
VALUES
('054f4dbf-76cd-41cd-8d10-b7f294b40aaa',true,10,10,0,'Отжимания',null,'Базовое физическое упражнение, выполняемое в планке и представляющее собой опускание-поднятие тела с помощью рук от пола (скамьи, стены). Возможно, с дополнительным отягощением.',false,null),
('054f4dbf-76cd-41cd-8d10-b7f294b40aab',true,10,10,0,'Подтягивания',null,'Базовое физическое упражнение, развивающее группы мышц верхней части тела: широчайшая, бицепс, брахиалис, предплечья. Выполняется в висе. Представляет собой поднятие и опускание тела с помощью рук. ',false,null),
('054f4dbf-76cd-41cd-8d10-b7f294b40aac',true,10,10,0,'Приседания',null,'Одно из базовых упражнений (в пауэрлифтинге); выполняющий упражнение приседает и затем встаёт, возвращаясь в положение стоя. Приседание считается одним из важнейших упражнений в силовом спорте, а также используется в качестве дополнительного',false,null),
('054f4dbf-76cd-41cd-8d10-b7f294b40aad',true,10,10,0,'Обратные скручивания',null,'Лягте на пол, вытяните руки вдоль туловища. Оторвите ноги и таз от пола и начинайте подъем вверх, пока колени не окажутся на уровне груди. Упражнение можно выполнять на горизонтальной или наклонной скамье, где есть хваты для рук.',false,null),
('054f4dbf-76cd-41cd-8d10-b7f294b40aae',true,10,10,0,'Скручивания',null,'Лягте на пол и согните колени. Стопы прижать к полу, руки за головой. Из этого положения оторвите лопатки от пола и согнитесь вперед. Вы должны почувствовать напряжение в мышцах пресса. Не надо поднимать всю верхнюю часть тела.',false,null),
('054f4dbf-76cd-41cd-8d10-b7f294b40aaf',true,10,10,0,'Прыжки на мести',null,'Прыжки с места относятся к достаточно активным видам упражнений и позволяют задействовать большую часть мышц нашего тела. Основная нагрузка формируется за счет собственной масс тела.',false,null),
('054f4dbf-76cd-41cd-8d10-b7f294b401aa',true,10,10,0,'Берпи',null,'Сложное базовое многосуставное физическое упражнение, которое задействует много мышц тела, улучшает ловкость и выносливость. Требует длительного изучения. Подходит опытным спортсменам. Травмоопасно.',false,null),
('054f4dbf-76cd-41cd-8d10-b7f294b40aba',true,10,10,0,'Отжимания на брусьях',null,'Тренирующийся опирается на брусья, прямыми руками вниз и затем опускает тело до тех пор, пока руки не согнутся под углом 90 градусов в локтях, а затем поднимает тело вверх, возвращаясь в исходное положение.',false,null),
('054f4dbf-76cd-41cd-8d10-b7f294b40aca',true,10,10,0,'Подъем переворот',null,'упражнение на перекладине. Подъём переворотом является распространённым физическим упражнением и является частью норматива ГТО. Также является базовым элементом дворового вида гимнастики (воркаут). ',false,null),
('054f4dbf-76cd-41cd-8d10-b7f294b40ada',true,10,10,0,'Челночный бег',null,' вид бега, характеризующийся многократным прохождением одной и той же короткой дистанции в прямом и обратном направлении. Длина дистанции может значительно различаться, обычно находится в пределах 9—100 метров.',false,null),
('054f4dbf-76cd-41cd-8d10-b7f294b40aea',true,10,10,0,'Бег',null,'Один из способов передвижения (локомоции) человека и животных; отличается от ходьбы наличием так называемой «фазы полёта» и осуществляется в результате сложной координированной деятельности скелетных мышц и конечностей',false,null),
('054f4dbf-76cd-41cd-8d10-b7f294b40afa',true,10,10,0,'Прыжок на тумбу',null,'Прыжки на тумбу в кроссфите прежде всего работают на развитие взрывной силы ног.',false,null),
('054f4dbf-76cd-41cd-8d10-b7f294b40baa',true,10,10,0,'Наклоны вперед',null,'Наклонитесь вперед',false,null),
('054f4dbf-76cd-41cd-8d10-b7f294b40ba1',true,10,10,0,'Наклоны вбок',null,'Наклонитесь вбок',false,null),
('054f4dbf-76cd-41cd-8d10-b7f294b40ba2',true,10,10,0,'Повороты головы',null,'Наклоняйте голову',false,null),
('054f4dbf-76cd-41cd-8d10-b7f294b40ba3',true,10,10,0,'Вращения головы',null,'Поворачивайте голову',false,null),
('054f4dbf-76cd-41cd-8d10-b7f294b40ba4',true,10,10,0,'Жим лёжа ',null,'базовое физическое упражнение со свободным весом. Выполняющий упражнение ложится на скамью, опускает гриф штанги до касания с грудью и поднимает до полного выпрямления в локтевом суставе.',false,null),
('054f4dbf-76cd-41cd-8d10-b7f294b40ba5',true,10,10,0,'Рывок гири',null,'Спортсмен должен непрерывным движением поднять гирю вверх на прямую руку и зафиксировать её. После счёта судьи, не касаясь гирей туловища, спортсмен опускает гирю в замах для следующего подъёма.',false,null),
('054f4dbf-76cd-41cd-8d10-b7f294b40ba6',true,10,10,0,'Приседания со штангой',null,'Приседание, но со штангой',false,null),
('054f4dbf-76cd-41cd-8d10-b7f294b40caa',true,10,10,0,'Отдых',null,'Ничего не делайте',false,null);

INSERT INTO exercise_template_muscle_groups(exercise_template_id, muscle_groups) VALUES
('054f4dbf-76cd-41cd-8d10-b7f294b40aaa', 'TRICEPS'),
('054f4dbf-76cd-41cd-8d10-b7f294b40aaa', 'BICEPS'),
('054f4dbf-76cd-41cd-8d10-b7f294b40aaa', 'ABS'),
('054f4dbf-76cd-41cd-8d10-b7f294b40aab', 'TRICEPS'),
('054f4dbf-76cd-41cd-8d10-b7f294b40aab', 'BICEPS'),
('054f4dbf-76cd-41cd-8d10-b7f294b40aab', 'THE_BROADEST_MUSCLES_OF_THE_BACK'),
('054f4dbf-76cd-41cd-8d10-b7f294b40aab', 'DELTOIDS'),
('054f4dbf-76cd-41cd-8d10-b7f294b40aac', 'CALF_MUSCLES'),
('054f4dbf-76cd-41cd-8d10-b7f294b40aac', 'HIPS'),
('054f4dbf-76cd-41cd-8d10-b7f294b40aad', 'ABS'),
('054f4dbf-76cd-41cd-8d10-b7f294b40aae', 'ABS'),
('054f4dbf-76cd-41cd-8d10-b7f294b40aaf', 'HIPS'),
('054f4dbf-76cd-41cd-8d10-b7f294b40aaf', 'CALF_MUSCLES'),
('054f4dbf-76cd-41cd-8d10-b7f294b401aa', 'HIPS'),
('054f4dbf-76cd-41cd-8d10-b7f294b401aa', 'TRICEPS'),
('054f4dbf-76cd-41cd-8d10-b7f294b401aa', 'ABS'),
('054f4dbf-76cd-41cd-8d10-b7f294b401aa', 'THE_BROADEST_MUSCLES_OF_THE_BACK'),
('054f4dbf-76cd-41cd-8d10-b7f294b40aba', 'TRICEPS'),
('054f4dbf-76cd-41cd-8d10-b7f294b40aca', 'THE_BROADEST_MUSCLES_OF_THE_BACK'),
('054f4dbf-76cd-41cd-8d10-b7f294b40ada', 'HIPS'),
('054f4dbf-76cd-41cd-8d10-b7f294b40aea', 'HIPS'),
('054f4dbf-76cd-41cd-8d10-b7f294b40ada', 'CALF_MUSCLES'),
('054f4dbf-76cd-41cd-8d10-b7f294b40aea', 'CALF_MUSCLES'),
('054f4dbf-76cd-41cd-8d10-b7f294b40afa', 'CALF_MUSCLES'),
('054f4dbf-76cd-41cd-8d10-b7f294b40ba4', 'FOREARMS'),
('054f4dbf-76cd-41cd-8d10-b7f294b40ba5', 'FOREARMS'),
('054f4dbf-76cd-41cd-8d10-b7f294b40ba6', 'FOREARMS'),
('054f4dbf-76cd-41cd-8d10-b7f294b40ba4', 'TRICEPS'),
('054f4dbf-76cd-41cd-8d10-b7f294b40ba5', 'TRICEPS'),
('054f4dbf-76cd-41cd-8d10-b7f294b40ba6', 'TRICEPS'),
('054f4dbf-76cd-41cd-8d10-b7f294b40ba4', 'BICEPS'),
('054f4dbf-76cd-41cd-8d10-b7f294b40ba5', 'BICEPS'),
('054f4dbf-76cd-41cd-8d10-b7f294b40ba6', 'BICEPS'),
('054f4dbf-76cd-41cd-8d10-b7f294b40aac', 'GLUTEUS_MUSCLES');

INSERT INTO complex_template
(id, common, complex_type, description, name, published, repetitions, space_duration, trainer_id) VALUES
('054f4dbf-76cd-41cd-8d10-b7f294b40aaa',true,'ONE','Легкая разминка', 'Разминка',false,0,0,null),
('054f4dbf-76cd-41cd-8d10-b7f294b40aab',true,'MANY','Бег','Пробежка',false,5,120,null),
('054f4dbf-76cd-41cd-8d10-b7f294b40aac',true,'MANY','Силовая жесть','Силовой',false,3,60,null);

INSERT INTO edited_exercise(id, duration, repetitions, weight, order_number, exercise_id) VALUES
('054f4dbf-76cd-41cd-8d10-b7f294b40aaa',60,1,null,0,'054f4dbf-76cd-41cd-8d10-b7f294b40baa'),
('054f4dbf-76cd-41cd-8d10-b7f294b40aab',60,1,null,0,'054f4dbf-76cd-41cd-8d10-b7f294b40ba1'),
('054f4dbf-76cd-41cd-8d10-b7f294b40aac',60,1,null,0,'054f4dbf-76cd-41cd-8d10-b7f294b40ba2'),
('054f4dbf-76cd-41cd-8d10-b7f294b40aad',60,1,null,0,'054f4dbf-76cd-41cd-8d10-b7f294b40ba3'),----
('054f4dbf-76cd-41cd-8d10-b7f294b40aae',600,1,null,0,'054f4dbf-76cd-41cd-8d10-b7f294b40aea'),
('054f4dbf-76cd-41cd-8d10-b7f294b40aa1',150,0,null,0,'054f4dbf-76cd-41cd-8d10-b7f294b40caa'),
('054f4dbf-76cd-41cd-8d10-b7f294b40aa2',15,6,null,0,'054f4dbf-76cd-41cd-8d10-b7f294b40ada'),----
('054f4dbf-76cd-41cd-8d10-b7f294b40aa3',null,15,null,0,'054f4dbf-76cd-41cd-8d10-b7f294b401aa'),
('054f4dbf-76cd-41cd-8d10-b7f294b40aa4',150,0,null,0,'054f4dbf-76cd-41cd-8d10-b7f294b40caa'),
('054f4dbf-76cd-41cd-8d10-b7f294b40aa5',null,10,null,0,'054f4dbf-76cd-41cd-8d10-b7f294b40aaa'),
('054f4dbf-76cd-41cd-8d10-b7f294b40aa6',150,0,null,0,'054f4dbf-76cd-41cd-8d10-b7f294b40caa'),
('054f4dbf-76cd-41cd-8d10-b7f294b40aa7',null,5,30,0,'054f4dbf-76cd-41cd-8d10-b7f294b40ba5'),
('054f4dbf-76cd-41cd-8d10-b7f294b40aa8',150,0,null,0,'054f4dbf-76cd-41cd-8d10-b7f294b40caa'),
('054f4dbf-76cd-41cd-8d10-b7f294b40aa9',null,7,25,0,'054f4dbf-76cd-41cd-8d10-b7f294b40ba4'),
('054f4dbf-76cd-41cd-8d10-b7f294b40aa0',150,0,null,0,'054f4dbf-76cd-41cd-8d10-b7f294b40caa'),
('054f4dbf-76cd-41cd-8d10-b7f294b40a1a',null,10,20,0,'054f4dbf-76cd-41cd-8d10-b7f294b40ba6');

INSERT INTO complex_template_edited_exercises(complex_template_id, edited_exercises_id) VALUES
('054f4dbf-76cd-41cd-8d10-b7f294b40aaa','054f4dbf-76cd-41cd-8d10-b7f294b40aaa'),
('054f4dbf-76cd-41cd-8d10-b7f294b40aaa','054f4dbf-76cd-41cd-8d10-b7f294b40aab'),
('054f4dbf-76cd-41cd-8d10-b7f294b40aaa','054f4dbf-76cd-41cd-8d10-b7f294b40aac'),
('054f4dbf-76cd-41cd-8d10-b7f294b40aaa','054f4dbf-76cd-41cd-8d10-b7f294b40aad'),
('054f4dbf-76cd-41cd-8d10-b7f294b40aab','054f4dbf-76cd-41cd-8d10-b7f294b40aae'),
('054f4dbf-76cd-41cd-8d10-b7f294b40aab','054f4dbf-76cd-41cd-8d10-b7f294b40aa1'),
('054f4dbf-76cd-41cd-8d10-b7f294b40aab','054f4dbf-76cd-41cd-8d10-b7f294b40aa2'),
('054f4dbf-76cd-41cd-8d10-b7f294b40aac','054f4dbf-76cd-41cd-8d10-b7f294b40aa3'),
('054f4dbf-76cd-41cd-8d10-b7f294b40aac','054f4dbf-76cd-41cd-8d10-b7f294b40aa4'),
('054f4dbf-76cd-41cd-8d10-b7f294b40aac','054f4dbf-76cd-41cd-8d10-b7f294b40aa5'),
('054f4dbf-76cd-41cd-8d10-b7f294b40aac','054f4dbf-76cd-41cd-8d10-b7f294b40aa6'),
('054f4dbf-76cd-41cd-8d10-b7f294b40aac','054f4dbf-76cd-41cd-8d10-b7f294b40aa7'),
('054f4dbf-76cd-41cd-8d10-b7f294b40aac','054f4dbf-76cd-41cd-8d10-b7f294b40aa8'),
('054f4dbf-76cd-41cd-8d10-b7f294b40aac','054f4dbf-76cd-41cd-8d10-b7f294b40aa9'),
('054f4dbf-76cd-41cd-8d10-b7f294b40aac','054f4dbf-76cd-41cd-8d10-b7f294b40aa0'),
('054f4dbf-76cd-41cd-8d10-b7f294b40aac','054f4dbf-76cd-41cd-8d10-b7f294b40a1a');

INSERT INTO training_template(id, common, description, name, published, trainer_id) VALUES
('054f4dbf-76cd-41cd-8d10-b7f294b40aaa', true, 'Пример тренировки', 'Тренировка', false, null);

INSERT INTO edited_complex(id, complex_type, order_number, repetitions, space_duration) VALUES
('054f4dbf-76cd-41cd-8d10-b7f294b40aaa','ONE',1,0,0),
('054f4dbf-76cd-41cd-8d10-b7f294b40aab','MANY',2,5,120),
('054f4dbf-76cd-41cd-8d10-b7f294b40aac','MANY',4,3,60);

INSERT INTO edited_complex_edited_exercises(edited_complex_id, edited_exercises_id) VALUES
    ('054f4dbf-76cd-41cd-8d10-b7f294b40aaa','054f4dbf-76cd-41cd-8d10-b7f294b40aaa'),
    ('054f4dbf-76cd-41cd-8d10-b7f294b40aaa','054f4dbf-76cd-41cd-8d10-b7f294b40aab'),
    ('054f4dbf-76cd-41cd-8d10-b7f294b40aaa','054f4dbf-76cd-41cd-8d10-b7f294b40aac'),
    ('054f4dbf-76cd-41cd-8d10-b7f294b40aaa','054f4dbf-76cd-41cd-8d10-b7f294b40aad'),
    ('054f4dbf-76cd-41cd-8d10-b7f294b40aab','054f4dbf-76cd-41cd-8d10-b7f294b40aae'),
    ('054f4dbf-76cd-41cd-8d10-b7f294b40aab','054f4dbf-76cd-41cd-8d10-b7f294b40aa1'),
    ('054f4dbf-76cd-41cd-8d10-b7f294b40aab','054f4dbf-76cd-41cd-8d10-b7f294b40aa2'),
    ('054f4dbf-76cd-41cd-8d10-b7f294b40aac','054f4dbf-76cd-41cd-8d10-b7f294b40aa3'),
    ('054f4dbf-76cd-41cd-8d10-b7f294b40aac','054f4dbf-76cd-41cd-8d10-b7f294b40aa4'),
    ('054f4dbf-76cd-41cd-8d10-b7f294b40aac','054f4dbf-76cd-41cd-8d10-b7f294b40aa5'),
    ('054f4dbf-76cd-41cd-8d10-b7f294b40aac','054f4dbf-76cd-41cd-8d10-b7f294b40aa6'),
    ('054f4dbf-76cd-41cd-8d10-b7f294b40aac','054f4dbf-76cd-41cd-8d10-b7f294b40aa7'),
    ('054f4dbf-76cd-41cd-8d10-b7f294b40aac','054f4dbf-76cd-41cd-8d10-b7f294b40aa8'),
    ('054f4dbf-76cd-41cd-8d10-b7f294b40aac','054f4dbf-76cd-41cd-8d10-b7f294b40aa9'),
    ('054f4dbf-76cd-41cd-8d10-b7f294b40aac','054f4dbf-76cd-41cd-8d10-b7f294b40aa0'),
    ('054f4dbf-76cd-41cd-8d10-b7f294b40aac','054f4dbf-76cd-41cd-8d10-b7f294b40a1a');

INSERT INTO training_template_edited_complexes(training_template_id, edited_complexes_id) VALUES
('054f4dbf-76cd-41cd-8d10-b7f294b40aaa','054f4dbf-76cd-41cd-8d10-b7f294b40aaa'),
('054f4dbf-76cd-41cd-8d10-b7f294b40aaa','054f4dbf-76cd-41cd-8d10-b7f294b40aab'),
('054f4dbf-76cd-41cd-8d10-b7f294b40aaa','054f4dbf-76cd-41cd-8d10-b7f294b40aac');

INSERT INTO edited_exercise(id, duration, repetitions, weight, order_number, exercise_id) VALUES
('054f4dbf-76cd-41cd-8d10-b7f294b40111',60,1,null,3,'054f4dbf-76cd-41cd-8d10-b7f294b40caa');

INSERT INTO training_template_edited_exercises(training_template_id, edited_exercises_id) VALUES
('054f4dbf-76cd-41cd-8d10-b7f294b40aaa','054f4dbf-76cd-41cd-8d10-b7f294b40111');

